{"cameraMode":{"drawMode":0,"name":"Shaded","section":"Shading Mode"},"sceneLighting":false,"audioPlay":false,"sceneViewState":{"m_AlwaysRefresh":false,"showFog":true,"showSkybox":false,"showFlares":true,"showImageEffects":true,"showParticleSystems":true,"showVisualEffectGraphs":true,"m_FxEnabled":true},"in2DMode":false,"pivot":{"x":-0.0985182523727417,"y":-0.06420981884002686,"z":1.2611689567565919},"rotation":{"x":0.32432806491851809,"y":-0.3732032775878906,"z":0.14114715158939362,"w":0.8577560186386108},"size":0.5475963354110718,"orthographic":false}